486,xtihkp,jdmbam,19416074146,wechat486,xtihkp@gmail.com,6,1966/6/13,1,5
449,ziojyl,gwnjyc,12276897600,wechat449,ziojyl@gmail.com,3,1998/11/12,3,5
476,mrfq,zwyl,10639968831,wechat476,mrfq@gmail.com,7,1900/10/27,0,5
401,pgbt,ngnx,18597565436,wechat401,pgbt@gmail.com,5,1900/1/20,0,5
457,eiwyw,qsrut,13049844814,wechat457,eiwyw@gmail.com,2,1931/1/16,2,5
475,lodjx,ykest,18871106541,wechat475,lodjx@gmail.com,8,2017/11/15,1,5
445,nsml,egmt,15650688703,wechat445,nsml@gmail.com,6,1962/10/18,1,5
464,ttzem,iuwex,11607985072,wechat464,ttzem@gmail.com,4,1959/12/7,2,5
461,idisyr,phejlw,14966757542,wechat461,idisyr@gmail.com,1,1946/8/6,3,5
423,saii,bgbk,11452191021,wechat423,saii@gmail.com,6,1995/8/28,3,5
402,wqtnr,cfhke,12884303161,wechat402,wqtnr@gmail.com,1,1901/2/28,2,5
453,vkes,qsir,15905721075,wechat453,vkes@gmail.com,7,1901/10/29,0,5
460,wwpksw,jcyipf,17704795473,wechat460,wwpksw@gmail.com,1,1943/4/28,1,5
490,qrkaug,kfpydd,17784721978,wechat490,qrkaug@gmail.com,1,1979/7/1,2,5
428,pckial,ywhuxg,16501543856,wechat428,pckial@gmail.com,5,1908/1/28,1,5
424,usbnd,gnlgh,16052123152,wechat424,usbnd@gmail.com,4,2017/9/4,0,5
479,ikkyy,msrdc,12992204737,wechat479,ikkyy@gmail.com,2,1926/8/29,2,5
420,nughpd,pgsohk,15550668851,wechat420,nughpd@gmail.com,7,1985/10/22,2,5
425,ckhp,jzkv,14155316268,wechat425,ckhp@gmail.com,8,2019/8/12,2,5
455,rnqdx,hoijq,13467750174,wechat455,rnqdx@gmail.com,8,1905/3/30,1,5
482,jnhazo,dlvylm,19580400325,wechat482,jnhazo@gmail.com,2,1928/7/31,1,5
484,nueiw,bxovb,19004231262,wechat484,nueiw@gmail.com,4,1944/3/22,0,5
440,atdux,suaxx,18339615340,wechat440,atdux@gmail.com,8,1956/2/26,3,5
405,ezty,uzgv,13507378611,wechat405,ezty@gmail.com,8,1910/12/2,2,5
488,subm,fawy,17006046491,wechat488,subm@gmail.com,7,1972/3/26,2,5
430,gzimn,bofax,13929052394,wechat430,gzimn@gmail.com,7,1910/11/22,3,5
444,wumlsu,nwxvdf,16792055774,wechat444,wumlsu@gmail.com,7,1961/5/21,2,5
410,cbev,vssn,17597370794,wechat410,cbev@gmail.com,2,1950/7/24,2,5
446,dirieg,psvefp,19205501944,wechat446,dirieg@gmail.com,8,1966/12/31,2,5
404,ozlwqf,nyirhw,17290795847,wechat404,ozlwqf@gmail.com,7,1907/10/30,3,5
463,vvyfl,adjns,18424817310,wechat463,vvyfl@gmail.com,5,1959/7/20,3,5
450,yxjwtd,jstjsj,10511261003,wechat450,yxjwtd@gmail.com,1,2006/9/27,2,5
489,zejo,sbog,10930334956,wechat489,zejo@gmail.com,1,1973/8/15,1,5
409,tkbvai,djwqfm,13282904721,wechat409,tkbvai@gmail.com,8,1944/5/15,0,5
429,bnrb,rnoe,15038343119,wechat429,bnrb@gmail.com,6,1909/2/18,3,5
471,qbfl,zwtc,15771036548,wechat471,qbfl@gmail.com,2,1987/3/16,2,5
485,ngan,bspt,11473793662,wechat485,ngan@gmail.com,2,1947/5/22,3,5
403,bocr,bxnr,13339424551,wechat403,bocr@gmail.com,6,1905/11/29,3,5
443,yhlx,ixud,14886732945,wechat443,yhlx@gmail.com,8,1961/1/3,2,5
496,ttuar,txsxo,11047360500,wechat496,ttuar@gmail.com,3,2006/8/30,2,5
491,jayhd,jwzme,14735967921,wechat491,jayhd@gmail.com,3,1986/2/13,2,5
500,bzekg,jttjv,19107699440,wechat500,bzekg@gmail.com,5,2018/10/28,1,5
432,erwzt,qacfh,16374551927,wechat432,erwzt@gmail.com,6,1919/8/11,1,5
480,ancvqz,elnotw,15202071670,wechat480,ancvqz@gmail.com,4,1927/6/3,0,5
493,qvda,ebwf,19710419002,wechat493,qvda@gmail.com,2,1994/4/18,3,5
498,nfvaw,xipee,19279487390,wechat498,nfvaw@gmail.com,1,2016/10/17,2,5
492,zvkk,geac,13733506845,wechat492,zvkk@gmail.com,1,1987/8/23,3,5
465,nlsg,pmwy,15428175943,wechat465,nlsg@gmail.com,1,1965/2/1,1,5
470,sndhfk,gqlafj,17351444132,wechat470,sndhfk@gmail.com,8,1975/10/15,3,5
407,ybrl,nhpm,13102280847,wechat407,ybrl@gmail.com,5,1925/10/5,0,5
406,ksttlh,gecgdx,13026234733,wechat406,ksttlh@gmail.com,6,1913/5/2,3,5
408,jiqx,pdil,18173951626,wechat408,jiqx@gmail.com,2,1941/3/8,1,5
462,wuluo,vxjsn,16448792513,wechat462,wuluo@gmail.com,4,1952/6/5,3,5
478,qmwkl,qxihi,15783351090,wechat478,qmwkl@gmail.com,6,1909/8/27,0,5
434,kcny,gwnk,12051231381,wechat434,kcny@gmail.com,7,1924/11/30,1,5
442,divfe,drvqt,18759270830,wechat442,divfe@gmail.com,7,1959/12/7,2,5
497,fpgbkt,yizazz,10499801877,wechat497,fpgbkt@gmail.com,7,2007/1/11,1,5
436,cfcj,jcjy,16177438127,wechat436,cfcj@gmail.com,6,1937/2/6,0,5
431,xilijr,rryhlq,16952843875,wechat431,xilijr@gmail.com,1,1914/2/20,0,5
426,acabrl,xafkil,14983296859,wechat426,acabrl@gmail.com,6,1904/5/6,0,5
438,prwo,jadp,17263590951,wechat438,prwo@gmail.com,7,1955/11/6,2,5
481,edkys,pdezy,16810294720,wechat481,edkys@gmail.com,4,1928/6/25,0,5
487,hctr,gejh,19170926718,wechat487,hctr@gmail.com,5,1971/9/1,3,5
456,wpbvp,rgsmk,10184265505,wechat456,wpbvp@gmail.com,4,1911/6/7,1,5
418,svgiw,zqhhb,16373626495,wechat418,svgiw@gmail.com,3,1974/11/16,2,5
414,lycrs,cqygr,14430104205,wechat414,lycrs@gmail.com,5,1959/8/15,0,5
417,npge,vwox,11426484224,wechat417,npge@gmail.com,7,1968/6/1,3,5
448,xectb,jjlls,19687684118,wechat448,xectb@gmail.com,4,1990/6/5,0,5
421,dmqa,hddq,18469628989,wechat421,dmqa@gmail.com,3,1987/10/11,0,5
433,pyux,ndhq,11006479461,wechat433,pyux@gmail.com,5,1921/7/7,1,5
499,dnyu,lodr,15735986223,wechat499,dnyu@gmail.com,4,2018/4/13,1,5
483,grihw,yhepv,14640611107,wechat483,grihw@gmail.com,2,1934/9/3,0,5
416,ovgsmk,nhjjyp,11594340232,wechat416,ovgsmk@gmail.com,1,1965/5/17,2,5
435,qizb,wadb,19724159553,wechat435,qizb@gmail.com,3,1936/5/1,3,5
468,rmbh,uhtr,16525936453,wechat468,rmbh@gmail.com,1,1973/12/29,3,5
467,uatfm,uhhut,18958681617,wechat467,uatfm@gmail.com,1,1973/9/15,1,5
411,mrdnr,nhrnx,12242465885,wechat411,mrdnr@gmail.com,3,1952/7/28,0,5
419,cvxy,kvmw,16806267541,wechat419,cvxy@gmail.com,2,1978/11/30,2,5
427,oqkrmp,rehgxj,18412097097,wechat427,oqkrmp@gmail.com,2,1905/8/16,0,5
495,gsksq,wisnn,10179531929,wechat495,gsksq@gmail.com,2,2001/6/10,1,5
472,guqdrp,jbfptb,17052629976,wechat472,guqdrp@gmail.com,1,1990/11/19,3,5
422,gswc,hcou,12408148258,wechat422,gswc@gmail.com,8,1992/12/29,1,5
441,wczer,spxbv,13706947370,wechat441,wczer@gmail.com,4,1957/1/19,0,5
454,hcfx,nwny,15514300735,wechat454,hcfx@gmail.com,5,1904/7/12,1,5
494,xdlzav,giuyxb,11676517370,wechat494,xdlzav@gmail.com,5,1999/3/15,1,5
469,xpudi,eljdt,10634517570,wechat469,xpudi@gmail.com,6,1975/1/26,3,5
415,szzk,fkqc,16970310164,wechat415,szzk@gmail.com,3,1965/5/13,0,5
439,lmrgo,bdosk,14994215224,wechat439,lmrgo@gmail.com,6,1956/2/2,2,5
473,xcylro,bnrajp,11283282311,wechat473,xcylro@gmail.com,1,2010/2/16,0,5
437,zgbs,xwlr,10440776319,wechat437,zgbs@gmail.com,1,1949/8/16,0,5
452,mknxgu,svkzbr,11783261115,wechat452,mknxgu@gmail.com,4,1901/5/23,0,5
413,hoyvce,dhkwak,17944253329,wechat413,hoyvce@gmail.com,3,1957/5/20,3,5
477,dbawoy,viutcr,17258895850,wechat477,dbawoy@gmail.com,4,1902/7/24,0,5
466,hagyi,axkwc,14849759979,wechat466,hagyi@gmail.com,6,1973/8/2,1,5
451,icnlsf,oazwaz,16970346732,wechat451,icnlsf@gmail.com,7,1901/2/1,0,5
412,dbmlh,sehgg,12893276520,wechat412,dbmlh@gmail.com,3,1955/6/13,0,5
474,waqp,wnjb,14350973539,wechat474,waqp@gmail.com,6,2015/2/7,3,5
459,zqbfn,pmrtk,15431905373,wechat459,zqbfn@gmail.com,8,1940/9/14,1,5
458,uwhdiu,dwdah,16090701269,wechat458,hclmp@gmail.com,2,1938/9/24,2,5
447,hskjyb,cdiuur,16895692471,wechat447,hskjyb@gmail.com,5,1969/3/15,2,5
