122,uylj,4,8:00 - 9:00
244,rczg,1,8:00 - 9:00
151,xwlpe,4,9:30 - 10:30
291,ciuet,1,9:30 - 10:30
396,pstzu,1,8:00 - 9:00
65,bglihm,3,8:00 - 9:00
103,lqbd,4,8:00 - 9:00
387,glqkj,1,9:30 - 10:30
70,ktte,3,8:00 - 9:00
106,onokjw,4,9:30 - 10:30
460,wwpksw,2,8:00 - 9:00
69,adgcpt,3,9:30 - 10:30
228,gfqkt,1,8:00 - 9:00
482,jnhazo,2,9:30 - 10:30
489,zejo,2,8:00 - 9:00
270,iisx,1,9:30 - 10:30
215,bszt,1,8:00 - 9:00
225,pmrxg,1,11:00 - 12:00
75,xlope,3,8:00 - 9:00
191,tqqc,4,8:00 - 9:00
465,nlsg,2,8:00 - 9:00
236,snes,1,8:00 - 9:00
431,xilijr,2,9:30 - 10:30
78,mzfr,3,8:00 - 9:00
43,tkivta,3,9:30 - 10:30
179,rnlg,4,8:00 - 9:00
467,uatfm,2,8:00 - 9:00
168,qfmkl,4,9:30 - 10:30
343,pzavej,1,8:00 - 9:00
230,ryiput,1,9:30 - 10:30
76,puyv,3,8:00 - 9:00
202,frkpr,1,11:00 - 12:00
389,hqhkd,1,8:00 - 9:00
303,uejtda,1,9:30 - 10:30
473,xcylro,2,8:00 - 9:00
437,zgbs,2,9:30 - 10:30
252,krvjw,1,8:00 - 9:00
45,ahsp,3,8:00 - 9:00
286,jzjini,1,9:30 - 10:30
361,gegw,1,11:00 - 12:00
495,gsksq,2,8:00 - 9:00
154,cfafa,4,8:00 - 9:00
134,owvqj,4,9:30 - 10:30
57,hzhy,3,8:00 - 9:00
192,mtfy,4,8:00 - 9:00
212,nvlfst,1,8:00 - 9:00
370,dibmhe,1,9:30 - 10:30
346,cnpgfm,1,11:00 - 12:00
397,tuqzhn,1,8:00 - 9:00
89,izmfmr,3,8:00 - 9:00
295,hjoguo,1,9:30 - 10:30
2147483647,Scharfrichter Qian,3,9:30 - 10:30
28,uduyv,3,8:00 - 9:00
25,nnyy,3,11:00 - 12:00
73,tdzz,3,9:30 - 10:30
16,gpji,3,13:00 - 14:00
163,ybomdc,4,8:00 - 9:00
180,muzhr,4,9:30 - 10:30
54,imlfz,3,8:00 - 9:00
20,oitds,3,9:30 - 10:30
190,ufqrw,4,8:00 - 9:00
244,rczg,1,8:00 - 9:00
122,uylj,4,9:30 - 10:30
65,bglihm,3,8:00 - 9:00
291,ciuet,1,8:00 - 9:00
396,pstzu,1,9:30 - 10:30
460,wwpksw,2,8:00 - 9:00
70,ktte,3,8:00 - 9:00
387,glqkj,1,8:00 - 9:00
103,lqbd,4,8:00 - 9:00
69,adgcpt,3,8:00 - 9:00
106,onokjw,4,9:30 - 10:30
489,zejo,2,8:00 - 9:00
270,iisx,1,8:00 - 9:00
215,bszt,1,9:30 - 10:30
75,xlope,3,8:00 - 9:00
191,tqqc,4,8:00 - 9:00
43,tkivta,3,9:30 - 10:30
228,gfqkt,1,8:00 - 9:00
78,mzfr,3,8:00 - 9:00
236,snes,1,9:30 - 10:30
465,nlsg,2,8:00 - 9:00
76,puyv,3,8:00 - 9:00
168,qfmkl,4,8:00 - 9:00
230,ryiput,1,8:00 - 9:00
192,mtfy,4,9:30 - 10:30
283,pmlq,1,9:30 - 10:30
202,frkpr,1,11:00 - 12:00
45,ahsp,3,8:00 - 9:00
252,krvjw,1,8:00 - 9:00
431,xilijr,2,8:00 - 9:00
165,vdeuq,4,8:00 - 9:00
154,cfafa,4,9:30 - 10:30
64,ovdw,3,8:00 - 9:00
343,pzavej,1,8:00 - 9:00
134,owvqj,4,8:00 - 9:00
89,izmfmr,3,8:00 - 9:00
2147483647,Scharfrichter Qian,3,9:30 - 10:30
467,uatfm,2,8:00 - 9:00
286,jzjini,1,8:00 - 9:00
389,hqhkd,1,9:30 - 10:30
57,hzhy,3,8:00 - 9:00
303,uejtda,1,8:00 - 9:00
473,xcylro,2,8:00 - 9:00
180,muzhr,4,8:00 - 9:00
295,hjoguo,1,9:30 - 10:30
163,ybomdc,4,9:30 - 10:30
437,zgbs,2,8:00 - 9:00
28,uduyv,3,8:00 - 9:00
495,gsksq,2,9:30 - 10:30
25,nnyy,3,9:30 - 10:30
73,tdzz,3,11:00 - 12:00
16,gpji,3,8:00 - 9:00
361,gegw,1,8:00 - 9:00
54,imlfz,3,9:30 - 10:30
20,oitds,3,11:00 - 12:00
90,yhkjrg,3,8:00 - 9:00
216,msvs,1,8:00 - 9:00
212,nvlfst,1,9:30 - 10:30
33,ckcbf,3,9:30 - 10:30
